id,last_active_at,person_id
161552,2019-04-11T08:33:21.000Z,408189
172159,2019-04-10T16:19:43.000Z,458587
150067,2019-04-10T14:58:51.000Z,399979
161617,2019-04-10T13:35:59.000Z,408184
172943,2019-04-10T12:12:53.000Z,460554
172178,2019-04-10T10:50:15.000Z,458589
169481,2019-04-08T22:49:35.000Z,452139
161616,2019-04-04T11:21:57.000Z,408187
162200,2019-03-30T11:13:23.000Z,432682
162202,2019-03-29T11:31:22.000Z,432681
162900,2019-03-28T17:20:01.000Z,408186
161545,2019-03-28T16:31:06.000Z,408188
159393,2019-03-28T12:04:26.000Z,408185
161621,2019-03-26T17:20:33.000Z,408190
161564,2019-03-26T13:50:36.000Z,428847
162564,2019-03-12T17:57:31.000Z,408182
168673,2019-03-11T14:54:51.000Z,450110
161547,2019-03-05T10:17:59.000Z,417332
161546,2019-03-05T10:01:45.000Z,428846
161544,2019-03-01T09:32:56.000Z,408179
161615,2019-02-28T14:30:31.000Z,428845
161548,2019-01-22T09:15:38.000Z,408183
161560,2018-12-17T09:28:28.000Z,408181
161550,2018-12-13T15:40:14.000Z,408180
